<?xml version="1.0" encoding="UTF-8" standalone="yes"?>
<addon id="plugin.program.snelltv" name="[COLOR lime]snelltv[/COLOR] [COLOR orange]Wizard[/COLOR]" version="4.0.3" provider-name="[COLOR lime]snelltv[/COLOR]">
  <requires>
    <import addon="xbmc.python" version="2.1.0"/>
	<import addon="script.module.requests" version="1.0.0" />
  </requires>
  <extension point="xbmc.python.pluginsource" library="default.py">
        <provides>executable</provides>
  </extension>
  <extension point="xbmc.service" library="service.py" start="startup" />
  <extension point="xbmc.addon.metadata">
    <summary lang="en">[COLOR lime]snelltv[/COLOR] [COLOR orange]Wizard[/COLOR]</summary>
    <description lang="en">[COLOR lime]snelltv[/COLOR] [COLOR orange]All In One[/COLOR]</description>
	<disclaimer lang="en">Kodi by [COLOR lime]snelltv[/COLOR]</disclaimer>
		<forum></forum>
		<source></source>
		<website></website>
    <platform>all</platform> 
  </extension>
</addon>
